customer_id,first_name,last_name,segment,region,city,signup_date
C00001,Freya,Patel,Consumer,South East,Reading,2022-02-21
C00002,Sophia,Hall,Consumer,East of England,Peterborough,2022-07-29
C00003,James,Taylor,Consumer,South West,Exeter,2022-03-07
C00004,James,Hall,Consumer,North East,Durham,2025-05-17
C00005,Ava,White,Small Business,North East,Sunderland,2024-05-09
C00006,Henry,Walker,Corporate,London,London,2022-11-23
C00007,Arthur,Wright,Consumer,East of England,Cambridge,2023-03-17
C00008,Emily,Thompson,Small Business,South West,Plymouth,2022-07-18
C00009,Lily,Brown,Corporate,London,London,2024-07-29
C00010,Alfie,Clarke,Corporate,North East,Durham,2023-08-24
C00011,William,Jones,Small Business,West Midlands,Birmingham,2025-12-13
C00012,Evie,Davies,Consumer,North West,Chester,2022-06-13
C00013,Leo,Thompson,Consumer,North West,Preston,2024-07-17
C00014,Sophia,Patel,Small Business,Yorkshire,Leeds,2023-03-06
C00015,Amelia,Hall,Small Business,Scotland,Edinburgh,2025-07-24
C00016,Charlie,Patel,Small Business,East of England,Peterborough,2024-08-04
C00017,Sophia,Wright,Consumer,North East,Newcastle,2023-03-26
C00018,Charlie,Patel,Consumer,London,London,2023-10-09
C00019,Harry,Roberts,Corporate,Scotland,Dundee,2023-10-07
C00020,George,Davies,Small Business,East of England,Peterborough,2023-06-27
C00021,Freya,Thomas,Corporate,North East,Durham,2023-06-23
C00022,Ava,Williams,Small Business,South West,Bath,2024-01-12
C00023,Evie,Brown,Consumer,South East,Reading,2022-04-07
C00024,William,Evans,Corporate,South West,Bath,2025-05-06
C00025,Lily,Smith,Small Business,North East,Durham,2023-05-30
C00026,Theo,Hall,Corporate,South East,Oxford,2025-10-28
C00027,Poppy,Wilson,Corporate,South East,Brighton,2023-08-25
C00028,Arthur,Wilson,Small Business,North West,Manchester,2024-10-22
C00029,Thomas,Clarke,Consumer,North West,Liverpool,2025-08-01
C00030,Lily,Green,Consumer,Yorkshire,York,2022-11-27
C00031,Emma,Thompson,Corporate,East Midlands,Nottingham,2022-02-09
C00032,Theo,Thomas,Consumer,London,London,2023-05-09
C00033,Arthur,Hall,Consumer,East Midlands,Nottingham,2022-05-22
C00034,Amelia,Patel,Small Business,East Midlands,Lincoln,2025-01-30
C00035,Arthur,Johnson,Small Business,West Midlands,Coventry,2025-01-09
C00036,Leo,Thompson,Corporate,South West,Bath,2025-10-07
C00037,Ava,Taylor,Corporate,South East,Brighton,2023-05-23
C00038,Ava,Thomas,Consumer,Scotland,Glasgow,2025-02-08
C00039,Leo,Jones,Consumer,South East,Brighton,2025-12-20
C00040,William,Green,Consumer,London,London,2023-11-08
C00041,Lily,Williams,Small Business,East Midlands,Lincoln,2023-03-15
C00042,Mia,Walker,Consumer,West Midlands,Birmingham,2024-08-26
C00043,Poppy,Thompson,Corporate,South East,Canterbury,2025-09-11
C00044,Sophia,Brown,Consumer,East Midlands,Lincoln,2022-04-21
C00045,Ava,Johnson,Consumer,Yorkshire,Hull,2022-08-12
C00046,Amelia,Patel,Corporate,East of England,Cambridge,2024-05-14
C00047,Mia,Hall,Consumer,South East,Brighton,2024-06-26
C00048,William,Davies,Consumer,North East,Sunderland,2022-01-31
C00049,Harry,Evans,Consumer,East Midlands,Nottingham,2024-09-12
C00050,Charlie,Patel,Corporate,South West,Plymouth,2022-01-05
C00051,Freya,Hall,Small Business,South West,Bath,2025-11-27
C00052,Isla,Johnson,Consumer,East of England,Peterborough,2023-01-24
C00053,Freya,Wright,Consumer,North East,Newcastle,2022-05-05
C00054,Thomas,Green,Consumer,Scotland,Glasgow,2024-09-03
C00055,Evie,Wilson,Consumer,North East,Durham,2022-06-14
C00056,Evie,Davies,Corporate,South East,Brighton,2025-10-14
C00057,Oscar,Clarke,Consumer,Scotland,Glasgow,2023-05-20
C00058,Oscar,Thomas,Small Business,South West,Plymouth,2025-09-08
C00059,Sophia,Wright,Consumer,North West,Preston,2023-02-23
C00060,Sophia,Robinson,Corporate,South West,Plymouth,2022-09-26
C00061,Muhammad,Clarke,Small Business,South East,Brighton,2022-01-20
C00062,Harry,Green,Corporate,South East,Reading,2025-01-06
C00063,Theo,Davies,Corporate,Yorkshire,York,2022-05-21
C00064,Alfie,Hall,Small Business,East of England,Norwich,2024-06-16
C00065,Thomas,Smith,Small Business,Scotland,Aberdeen,2025-09-01
C00066,Jack,Brown,Consumer,South East,Reading,2022-10-03
C00067,Grace,Johnson,Small Business,North West,Preston,2023-08-01
C00068,Leo,Patel,Small Business,West Midlands,Coventry,2025-11-08
C00069,William,Walker,Corporate,North West,Manchester,2022-04-15
C00070,Arthur,Williams,Small Business,London,London,2023-11-15
C00071,Lily,Walker,Small Business,East of England,Cambridge,2024-06-23
C00072,Theo,Williams,Small Business,South East,Brighton,2022-06-04
C00073,Lily,Williams,Corporate,Yorkshire,Sheffield,2025-04-07
C00074,Emily,Jones,Corporate,London,London,2023-09-24
C00075,Emma,Thompson,Small Business,West Midlands,Coventry,2025-09-27
C00076,Sophie,Davies,Consumer,Scotland,Edinburgh,2022-11-13
C00077,Amelia,Wright,Corporate,South West,Exeter,2022-02-20
C00078,Mia,Brown,Corporate,North West,Manchester,2022-11-23
C00079,Harry,White,Corporate,East Midlands,Derby,2023-04-01
C00080,James,Johnson,Corporate,West Midlands,Coventry,2023-04-02
C00081,Arthur,Patel,Corporate,North West,Chester,2022-05-23
C00082,James,Brown,Corporate,North East,Newcastle,2023-11-10
C00083,Olivia,Brown,Small Business,Scotland,Dundee,2023-06-28
C00084,Poppy,Clarke,Small Business,Yorkshire,Leeds,2023-10-05
C00085,Harry,Patel,Consumer,South West,Bath,2025-03-26
C00086,Sophie,Hall,Small Business,London,London,2024-11-30
C00087,William,Wright,Small Business,Yorkshire,York,2024-06-02
C00088,Thomas,Robinson,Small Business,South East,Canterbury,2023-09-08
C00089,Henry,Robinson,Small Business,Yorkshire,Sheffield,2024-04-04
C00090,Sophia,Evans,Small Business,West Midlands,Wolverhampton,2024-05-11
C00091,Oscar,Robinson,Corporate,East of England,Peterborough,2025-06-14
C00092,Isla,Johnson,Corporate,London,London,2023-09-15
C00093,Muhammad,Johnson,Small Business,East Midlands,Lincoln,2024-06-23
C00094,William,Robinson,Small Business,East of England,Peterborough,2025-09-11
C00095,William,Davies,Small Business,Scotland,Aberdeen,2023-11-18
C00096,George,Smith,Consumer,West Midlands,Birmingham,2023-02-12
C00097,Evie,Taylor,Corporate,East Midlands,Lincoln,2025-06-05
C00098,Henry,Evans,Corporate,Scotland,Dundee,2023-02-03
C00099,Leo,Smith,Consumer,West Midlands,Coventry,2022-10-30
C00100,Mia,Green,Corporate,West Midlands,Birmingham,2022-12-27
C00101,Sophie,Brown,Corporate,North East,Newcastle,2023-05-26
C00102,Thomas,Hall,Small Business,East Midlands,Derby,2025-09-29
C00103,Alfie,Green,Corporate,East Midlands,Lincoln,2025-06-08
C00104,Muhammad,Patel,Consumer,East of England,Peterborough,2024-08-30
C00105,Ella,Davies,Corporate,North West,Chester,2024-12-03
C00106,Ava,Patel,Corporate,South East,Oxford,2023-08-09
C00107,George,Williams,Consumer,North East,Sunderland,2022-06-15
C00108,Harry,Taylor,Corporate,East of England,Norwich,2025-12-17
C00109,Muhammad,Walker,Consumer,Yorkshire,Sheffield,2025-01-16
C00110,Theo,Thomas,Small Business,South West,Bristol,2024-03-08
C00111,Ella,Smith,Corporate,Scotland,Aberdeen,2024-02-19
C00112,Lily,Hall,Small Business,South West,Exeter,2024-05-08
C00113,Jack,Walker,Corporate,East Midlands,Leicester,2023-03-26
C00114,Sophia,Evans,Small Business,South West,Exeter,2023-11-20
C00115,Grace,Hall,Consumer,East Midlands,Lincoln,2022-09-19
C00116,Sophia,Smith,Consumer,Scotland,Dundee,2025-03-01
C00117,Amelia,Jones,Corporate,East of England,Norwich,2024-08-03
C00118,Muhammad,Wright,Corporate,Yorkshire,Hull,2023-03-10
C00119,Jack,Taylor,Corporate,North West,Manchester,2024-05-13
C00120,Emily,Davies,Small Business,North East,Newcastle,2022-04-17
C00121,Ava,Johnson,Consumer,London,London,2022-03-05
C00122,Ella,Brown,Small Business,West Midlands,Birmingham,2022-09-16
C00123,Jack,Thompson,Consumer,East Midlands,Leicester,2025-12-03
C00124,Emma,Thomas,Consumer,East of England,Norwich,2023-09-30
C00125,Sophie,Evans,Corporate,Scotland,Edinburgh,2025-10-19
C00126,Henry,Davies,Consumer,South East,Oxford,2025-04-27
C00127,Mia,Thomas,Consumer,Scotland,Aberdeen,2022-09-05
C00128,Sophia,Thompson,Consumer,North East,Durham,2024-05-27
C00129,Evie,Walker,Corporate,Yorkshire,Leeds,2022-01-26
C00130,Leo,White,Small Business,South West,Exeter,2024-01-12
C00131,Freya,Green,Small Business,South West,Plymouth,2022-12-27
C00132,Arthur,Roberts,Corporate,Scotland,Dundee,2025-01-07
C00133,Noah,Davies,Consumer,Scotland,Aberdeen,2023-07-04
C00134,Arthur,White,Small Business,East Midlands,Lincoln,2023-05-15
C00135,Ella,Wright,Consumer,Yorkshire,Hull,2022-02-28
C00136,Mia,Patel,Corporate,West Midlands,Coventry,2023-12-28
C00137,Theo,Patel,Small Business,Scotland,Glasgow,2025-12-07
C00138,William,Davies,Small Business,North East,Sunderland,2023-01-27
C00139,Arthur,Davies,Small Business,East Midlands,Lincoln,2025-02-11
C00140,Mia,Smith,Consumer,East Midlands,Derby,2024-07-06
C00141,Henry,Davies,Corporate,West Midlands,Wolverhampton,2024-04-08
C00142,Ella,Hall,Small Business,Scotland,Aberdeen,2024-01-26
C00143,Noah,Thompson,Small Business,South West,Bath,2025-02-01
C00144,Jack,Davies,Consumer,North West,Liverpool,2023-09-20
C00145,Freya,Hall,Small Business,Yorkshire,Sheffield,2022-09-02
C00146,Freya,Roberts,Corporate,West Midlands,Wolverhampton,2023-03-20
C00147,Grace,Robinson,Consumer,Scotland,Edinburgh,2024-12-10
C00148,Emily,Wilson,Corporate,North West,Manchester,2023-04-11
C00149,Jack,Jones,Consumer,North East,Durham,2022-09-17
C00150,George,Roberts,Consumer,North West,Manchester,2025-11-29
C00151,Ella,Roberts,Corporate,Scotland,Aberdeen,2023-08-06
C00152,Jack,Roberts,Consumer,East of England,Cambridge,2022-04-16
C00153,William,Thomas,Small Business,South West,Bristol,2024-10-04
C00154,Mia,Thomas,Corporate,East of England,Cambridge,2022-11-02
C00155,Lily,Walker,Small Business,West Midlands,Wolverhampton,2022-08-31
C00156,Arthur,Green,Corporate,Scotland,Dundee,2023-04-08
C00157,Evie,Thomas,Corporate,East Midlands,Derby,2023-09-01
C00158,Olivia,Clarke,Small Business,Scotland,Glasgow,2025-06-25
C00159,Harry,Patel,Small Business,West Midlands,Birmingham,2025-07-05
C00160,Amelia,Hall,Consumer,East of England,Cambridge,2023-05-07
C00161,Muhammad,Clarke,Corporate,London,London,2024-04-16
C00162,Isla,Robinson,Small Business,London,London,2023-04-20
C00163,Ava,Patel,Small Business,South East,Reading,2025-11-08
C00164,Lily,Davies,Small Business,South West,Exeter,2022-08-24
C00165,William,Jones,Consumer,North West,Preston,2022-10-19
C00166,Sophie,Robinson,Corporate,Scotland,Glasgow,2025-03-11
C00167,Isla,Evans,Corporate,East Midlands,Lincoln,2025-11-11
C00168,Grace,Jones,Corporate,East Midlands,Derby,2022-06-14
C00169,James,Taylor,Consumer,Scotland,Glasgow,2023-05-28
C00170,Olivia,Wilson,Corporate,North West,Chester,2025-03-26
C00171,Oscar,Walker,Small Business,North West,Chester,2023-01-07
C00172,Emily,Walker,Corporate,South East,Oxford,2024-08-20
C00173,Noah,Walker,Small Business,South East,Canterbury,2022-11-26
C00174,Charlie,Hall,Consumer,North West,Chester,2025-09-18
C00175,Jack,Wright,Consumer,South East,Canterbury,2023-10-07
C00176,Sophia,Hall,Corporate,North East,Sunderland,2022-01-03
C00177,Thomas,Thompson,Small Business,London,London,2023-01-20
C00178,Harry,Patel,Small Business,East Midlands,Nottingham,2022-04-16
C00179,Theo,Roberts,Consumer,North West,Manchester,2024-06-16
C00180,Henry,Wilson,Corporate,Scotland,Glasgow,2023-05-06
C00181,William,Davies,Consumer,North East,Sunderland,2024-04-15
C00182,Alfie,Williams,Corporate,South East,Oxford,2025-08-19
C00183,Jack,Walker,Corporate,North East,Sunderland,2025-12-15
C00184,Lily,Williams,Corporate,West Midlands,Birmingham,2024-07-24
C00185,Freya,Williams,Consumer,Scotland,Aberdeen,2024-11-06
C00186,Sophie,Green,Corporate,South West,Bristol,2023-11-28
C00187,Alfie,Thomas,Small Business,North West,Chester,2023-09-04
C00188,Lily,Roberts,Corporate,East of England,Norwich,2024-07-03
C00189,Charlie,White,Corporate,North East,Newcastle,2025-01-17
C00190,Charlie,Davies,Corporate,West Midlands,Birmingham,2025-03-17
C00191,Henry,Evans,Corporate,Yorkshire,Sheffield,2024-08-26
C00192,George,Green,Small Business,East Midlands,Derby,2022-03-17
C00193,Emma,Green,Corporate,South East,Brighton,2024-06-20
C00194,Evie,Williams,Consumer,East of England,Norwich,2024-04-19
C00195,Grace,Evans,Small Business,North West,Manchester,2023-11-25
C00196,Evie,Hall,Corporate,Yorkshire,York,2025-10-13
C00197,Olivia,Clarke,Consumer,East Midlands,Nottingham,2025-01-13
C00198,Freya,Taylor,Corporate,North West,Manchester,2023-04-11
C00199,Amelia,Robinson,Consumer,South East,Brighton,2024-06-27
C00200,Isla,Thompson,Corporate,Yorkshire,Hull,2022-04-25
C00201,Thomas,Walker,Small Business,East of England,Peterborough,2023-05-16
C00202,Amelia,Taylor,Small Business,East of England,Norwich,2022-12-15
C00203,Ava,Roberts,Small Business,Scotland,Edinburgh,2025-10-31
C00204,Leo,Patel,Corporate,West Midlands,Coventry,2024-08-02
C00205,Theo,Robinson,Small Business,London,London,2024-08-10
C00206,Emily,Thomas,Corporate,South East,Canterbury,2024-06-23
C00207,Evie,Robinson,Consumer,North West,Chester,2024-07-24
C00208,Ava,Evans,Small Business,East Midlands,Derby,2022-08-07
C00209,Henry,Robinson,Consumer,Scotland,Dundee,2023-08-29
C00210,Oscar,Jones,Small Business,North West,Chester,2022-01-17
C00211,Grace,Thompson,Consumer,North West,Liverpool,2023-04-17
C00212,Sophia,Williams,Small Business,Scotland,Glasgow,2023-05-29
C00213,Mia,White,Consumer,London,London,2023-09-25
C00214,Sophie,Robinson,Corporate,East of England,Peterborough,2022-07-04
C00215,Harry,Williams,Small Business,South West,Plymouth,2022-12-26
C00216,Sophie,Patel,Consumer,North East,Sunderland,2024-10-24
C00217,Freya,Wright,Consumer,East Midlands,Lincoln,2023-08-28
C00218,Arthur,Davies,Small Business,South East,Canterbury,2022-10-16
C00219,William,Evans,Consumer,North East,Sunderland,2024-01-20
C00220,Muhammad,Thompson,Small Business,North East,Durham,2022-09-11
C00221,Charlie,Thompson,Consumer,North West,Liverpool,2025-04-12
C00222,Grace,Hall,Corporate,East Midlands,Nottingham,2022-02-21
C00223,Alfie,White,Small Business,South East,Oxford,2025-07-25
C00224,George,Jones,Consumer,South West,Plymouth,2022-08-27
C00225,Emma,Davies,Small Business,East Midlands,Nottingham,2022-08-26
C00226,Emily,Hall,Corporate,South West,Exeter,2024-07-18
C00227,Emma,Roberts,Small Business,South West,Bath,2025-09-03
C00228,Henry,Thompson,Consumer,North West,Chester,2022-03-09
C00229,Evie,Thompson,Consumer,East Midlands,Derby,2023-04-29
C00230,Emily,Jones,Corporate,North East,Sunderland,2025-08-13
C00231,Evie,White,Consumer,West Midlands,Wolverhampton,2022-09-08
C00232,Leo,Clarke,Consumer,West Midlands,Birmingham,2025-08-07
C00233,George,Thomas,Consumer,Yorkshire,Leeds,2023-05-14
C00234,Oscar,Johnson,Consumer,North East,Sunderland,2023-03-01
C00235,James,Patel,Consumer,East of England,Cambridge,2025-05-05
C00236,Mia,Wilson,Consumer,North East,Durham,2023-05-29
C00237,James,Thompson,Consumer,London,London,2022-09-27
C00238,Jack,Jones,Consumer,London,London,2022-12-23
C00239,Freya,Taylor,Corporate,North East,Sunderland,2022-08-21
C00240,Oscar,Brown,Corporate,Yorkshire,Sheffield,2024-11-17
C00241,Freya,Green,Corporate,Scotland,Dundee,2022-03-30
C00242,Ella,Evans,Corporate,London,London,2022-05-05
C00243,Sophie,White,Consumer,East Midlands,Leicester,2025-12-29
C00244,George,Taylor,Consumer,Yorkshire,York,2025-05-30
C00245,Oscar,Hall,Small Business,Scotland,Aberdeen,2025-07-20
C00246,Thomas,Robinson,Corporate,South West,Bath,2025-05-08
C00247,Emma,Hall,Small Business,South East,Reading,2025-12-08
C00248,Theo,Davies,Corporate,South West,Plymouth,2024-07-13
C00249,Poppy,Brown,Corporate,East Midlands,Lincoln,2024-03-27
C00250,Jack,Thompson,Consumer,Yorkshire,Hull,2025-09-24
C00251,Alfie,Taylor,Consumer,South East,Canterbury,2022-07-06
C00252,Mia,Williams,Small Business,South East,Brighton,2024-02-03
C00253,Lily,Wright,Small Business,Scotland,Glasgow,2025-02-24
C00254,Evie,Walker,Small Business,South West,Bristol,2023-12-26
C00255,Isla,Thompson,Consumer,North West,Liverpool,2025-05-14
C00256,Ella,Davies,Consumer,East of England,Norwich,2025-09-06
C00257,Emma,Patel,Small Business,North East,Newcastle,2024-01-23
C00258,Arthur,Clarke,Small Business,South West,Bristol,2025-02-22
C00259,Alfie,Patel,Consumer,Scotland,Edinburgh,2025-09-09
C00260,Arthur,Robinson,Corporate,North West,Preston,2025-12-10
C00261,Evie,Williams,Small Business,London,London,2023-01-07
C00262,Freya,Smith,Consumer,South East,Reading,2022-10-18
C00263,Muhammad,Wright,Consumer,South West,Plymouth,2024-05-09
C00264,Arthur,Thomas,Small Business,North West,Manchester,2023-10-27
C00265,Amelia,Clarke,Consumer,London,London,2022-11-15
C00266,Sophia,Walker,Corporate,North West,Chester,2024-06-26
C00267,Harry,Green,Consumer,South West,Plymouth,2023-07-14
C00268,Isla,Thomas,Corporate,South West,Plymouth,2022-08-16
C00269,Charlie,Clarke,Consumer,London,London,2023-03-28
C00270,Harry,Williams,Corporate,West Midlands,Coventry,2023-09-10
C00271,James,Roberts,Small Business,Yorkshire,Hull,2022-09-03
C00272,Charlie,Hall,Small Business,East of England,Cambridge,2022-09-22
C00273,Alfie,Thompson,Consumer,North East,Sunderland,2025-02-18
C00274,James,White,Consumer,London,London,2024-06-12
C00275,Oscar,Evans,Small Business,Scotland,Dundee,2024-05-29
C00276,Charlie,Smith,Corporate,North West,Liverpool,2022-08-24
C00277,Alfie,Thompson,Consumer,Scotland,Dundee,2024-07-31
C00278,Poppy,Thomas,Corporate,South East,Brighton,2023-05-14
C00279,Freya,Wright,Consumer,South West,Plymouth,2023-09-28
C00280,Thomas,Brown,Small Business,East of England,Peterborough,2022-06-06
C00281,Emily,Williams,Consumer,West Midlands,Birmingham,2023-12-17
C00282,Harry,Wilson,Small Business,East of England,Cambridge,2023-06-09
C00283,Arthur,Roberts,Corporate,South East,Canterbury,2022-12-29
C00284,Leo,Clarke,Corporate,Scotland,Aberdeen,2025-08-09
C00285,William,Roberts,Corporate,East of England,Peterborough,2024-06-19
C00286,Oscar,Jones,Corporate,North West,Manchester,2023-07-17
C00287,Muhammad,Jones,Consumer,North West,Preston,2024-08-03
C00288,Leo,Taylor,Small Business,North West,Chester,2022-06-07
C00289,Lily,Jones,Corporate,East Midlands,Nottingham,2025-04-03
C00290,Ella,Green,Consumer,Yorkshire,Leeds,2025-05-24
C00291,Mia,Wright,Small Business,East Midlands,Leicester,2022-07-31
C00292,Amelia,Jones,Consumer,North East,Durham,2025-08-16
C00293,Thomas,Green,Small Business,East Midlands,Nottingham,2024-06-18
C00294,Sophie,Robinson,Corporate,Yorkshire,Hull,2024-02-03
C00295,Grace,Jones,Small Business,Yorkshire,York,2025-10-22
C00296,Emma,Hall,Small Business,South East,Canterbury,2023-11-07
C00297,Freya,Clarke,Consumer,North West,Preston,2023-06-01
C00298,Sophia,Williams,Corporate,South East,Oxford,2025-04-08
C00299,Grace,Taylor,Corporate,South West,Bath,2022-09-22
C00300,Sophia,Green,Consumer,Yorkshire,Hull,2022-09-19
C00301,James,Thompson,Corporate,North East,Newcastle,2024-01-12
C00302,Arthur,Roberts,Consumer,West Midlands,Birmingham,2023-12-01
C00303,William,Robinson,Consumer,East of England,Peterborough,2022-11-14
C00304,Olivia,Wright,Small Business,North East,Newcastle,2024-12-14
C00305,George,Wilson,Consumer,Scotland,Edinburgh,2024-02-11
C00306,Poppy,Thompson,Small Business,East Midlands,Nottingham,2022-03-31
C00307,Isla,White,Consumer,East Midlands,Nottingham,2025-06-04
C00308,Theo,Johnson,Corporate,North West,Chester,2024-08-18
C00309,Arthur,Evans,Small Business,East Midlands,Lincoln,2023-08-01
C00310,Mia,Clarke,Consumer,East of England,Norwich,2023-02-13
C00311,Ella,Thompson,Small Business,London,London,2025-08-06
C00312,Isla,Taylor,Consumer,North East,Sunderland,2022-09-13
C00313,George,Walker,Consumer,East Midlands,Nottingham,2024-11-17
C00314,Sophie,Smith,Corporate,East Midlands,Leicester,2023-12-17
C00315,Emily,Davies,Corporate,South West,Bristol,2024-10-25
C00316,James,Wright,Consumer,Yorkshire,York,2023-04-05
C00317,Olivia,Robinson,Corporate,East of England,Peterborough,2022-10-09
C00318,Ella,White,Small Business,East of England,Cambridge,2025-12-15
C00319,Jack,Johnson,Consumer,South East,Canterbury,2022-02-08
C00320,Ava,Robinson,Consumer,South East,Brighton,2023-08-14
C00321,Leo,Clarke,Corporate,West Midlands,Birmingham,2024-05-09
C00322,Grace,Hall,Consumer,South East,Reading,2024-10-20
C00323,Poppy,Smith,Small Business,East of England,Norwich,2023-08-20
C00324,Poppy,Wilson,Small Business,West Midlands,Wolverhampton,2025-03-14
C00325,Emily,Taylor,Small Business,South East,Brighton,2024-12-08
C00326,Olivia,Evans,Corporate,South West,Plymouth,2024-08-20
C00327,Mia,Taylor,Corporate,London,London,2024-01-02
C00328,Freya,Wright,Consumer,South East,Brighton,2025-04-06
C00329,Noah,Wilson,Small Business,Yorkshire,Hull,2025-01-23
C00330,Amelia,Williams,Consumer,East Midlands,Lincoln,2025-07-17
C00331,Harry,Jones,Consumer,London,London,2023-08-24
C00332,Thomas,Evans,Small Business,Yorkshire,Hull,2023-09-28
C00333,Arthur,Johnson,Corporate,North West,Preston,2022-03-16
C00334,Noah,Patel,Consumer,London,London,2025-09-04
C00335,Freya,White,Corporate,South West,Plymouth,2024-03-30
C00336,Henry,Roberts,Corporate,East of England,Peterborough,2024-10-13
C00337,Freya,Walker,Consumer,North West,Chester,2022-06-19
C00338,Lily,Robinson,Corporate,Scotland,Glasgow,2023-01-05
C00339,Sophia,Robinson,Corporate,South East,Canterbury,2023-11-03
C00340,Amelia,White,Corporate,Scotland,Dundee,2024-05-22
C00341,Grace,Walker,Corporate,London,London,2023-12-24
C00342,Leo,Evans,Corporate,South East,Reading,2025-10-06
C00343,Evie,Clarke,Small Business,London,London,2022-10-20
C00344,William,Davies,Small Business,London,London,2022-09-16
C00345,Oscar,Jones,Small Business,Yorkshire,Sheffield,2024-02-24
C00346,Emily,White,Consumer,East Midlands,Nottingham,2024-01-30
C00347,Charlie,Wright,Small Business,North East,Sunderland,2024-01-22
C00348,James,Wilson,Corporate,West Midlands,Wolverhampton,2022-08-21
C00349,Emma,Patel,Corporate,South West,Bath,2025-02-24
C00350,Isla,Roberts,Consumer,West Midlands,Birmingham,2025-06-07
C00351,Muhammad,Wilson,Small Business,East of England,Norwich,2022-06-01
C00352,Evie,Wright,Small Business,South East,Oxford,2025-10-28
C00353,Lily,Robinson,Corporate,South East,Reading,2025-01-31
C00354,Thomas,Davies,Consumer,East of England,Cambridge,2024-01-11
C00355,Mia,Roberts,Consumer,East of England,Norwich,2023-04-30
C00356,Emily,White,Small Business,North East,Newcastle,2025-03-18
C00357,William,Robinson,Corporate,Scotland,Dundee,2022-06-26
C00358,Arthur,Walker,Small Business,North East,Newcastle,2024-04-21
C00359,Leo,Taylor,Corporate,East of England,Norwich,2023-10-12
C00360,George,Hall,Small Business,North East,Durham,2023-12-07
C00361,Poppy,Green,Consumer,East of England,Cambridge,2022-09-22
C00362,Isla,Wilson,Consumer,North East,Sunderland,2022-11-10
C00363,Thomas,Robinson,Consumer,West Midlands,Coventry,2023-12-10
C00364,Lily,Patel,Consumer,West Midlands,Wolverhampton,2025-07-24
C00365,Lily,Taylor,Small Business,North West,Liverpool,2025-06-12
C00366,George,Wilson,Small Business,Scotland,Aberdeen,2025-04-04
C00367,Alfie,Smith,Consumer,Scotland,Glasgow,2022-03-26
C00368,Leo,Johnson,Small Business,Scotland,Dundee,2023-06-27
C00369,James,Roberts,Small Business,Scotland,Aberdeen,2025-08-01
C00370,Ava,Evans,Corporate,North West,Chester,2024-09-16
C00371,Olivia,Wilson,Corporate,South East,Canterbury,2025-11-11
C00372,Harry,Wright,Small Business,East Midlands,Nottingham,2024-08-09
C00373,Freya,Thompson,Corporate,Yorkshire,Sheffield,2023-10-16
C00374,Lily,Brown,Corporate,Yorkshire,Sheffield,2024-11-20
C00375,Jack,White,Consumer,East Midlands,Nottingham,2022-09-08
C00376,Isla,Evans,Small Business,South East,Canterbury,2022-04-14
C00377,Alfie,Wright,Small Business,West Midlands,Wolverhampton,2022-11-24
C00378,Arthur,Wilson,Corporate,Yorkshire,Hull,2023-01-24
C00379,Ella,Smith,Consumer,East Midlands,Lincoln,2023-09-24
C00380,Ava,Johnson,Small Business,North East,Sunderland,2024-07-25
C00381,Isla,Roberts,Small Business,London,London,2022-04-14
C00382,James,Brown,Corporate,North West,Liverpool,2025-01-04
C00383,Arthur,Evans,Corporate,North West,Manchester,2024-01-20
C00384,Oscar,Hall,Consumer,South West,Plymouth,2022-04-15
C00385,William,Evans,Small Business,North East,Sunderland,2023-08-15
C00386,Alfie,Clarke,Small Business,North East,Durham,2023-07-27
C00387,Emma,Evans,Corporate,South East,Oxford,2022-09-21
C00388,Arthur,Williams,Consumer,North East,Durham,2024-01-19
C00389,Thomas,Jones,Consumer,North East,Newcastle,2024-04-02
C00390,Mia,Roberts,Small Business,East of England,Norwich,2023-11-14
C00391,Theo,Green,Consumer,East of England,Norwich,2025-05-26
C00392,Amelia,Evans,Small Business,Scotland,Aberdeen,2023-10-15
C00393,Thomas,Green,Small Business,Scotland,Dundee,2023-11-20
C00394,Ella,Smith,Corporate,Scotland,Aberdeen,2023-09-06
C00395,Oscar,Robinson,Small Business,South East,Brighton,2024-05-03
C00396,Jack,Thomas,Small Business,Scotland,Edinburgh,2024-08-29
C00397,Ella,Wilson,Small Business,London,London,2025-04-10
C00398,Ava,Jones,Small Business,East of England,Peterborough,2025-10-26
C00399,James,White,Corporate,South East,Canterbury,2023-01-26
C00400,Henry,Johnson,Corporate,East of England,Peterborough,2024-04-25
C00401,Evie,Jones,Small Business,Scotland,Edinburgh,2024-08-23
C00402,Lily,Wright,Small Business,North East,Sunderland,2023-03-01
C00403,Noah,Wilson,Corporate,North East,Durham,2024-02-11
C00404,Emily,Patel,Small Business,Yorkshire,Hull,2025-01-23
C00405,Jack,Hall,Corporate,West Midlands,Birmingham,2023-05-20
C00406,Henry,Johnson,Small Business,North West,Chester,2023-08-15
C00407,Emily,Hall,Small Business,Yorkshire,York,2024-09-09
C00408,Oscar,Hall,Corporate,North West,Chester,2022-09-07
C00409,Isla,Jones,Corporate,Yorkshire,Leeds,2022-10-27
C00410,Leo,Patel,Small Business,Yorkshire,Hull,2024-06-24
C00411,Alfie,Hall,Corporate,West Midlands,Wolverhampton,2023-02-18
C00412,Emma,Clarke,Small Business,North West,Liverpool,2022-10-09
C00413,Sophia,Green,Consumer,West Midlands,Wolverhampton,2022-04-14
C00414,Emma,Walker,Corporate,West Midlands,Wolverhampton,2022-04-18
C00415,Sophia,Williams,Consumer,East Midlands,Nottingham,2022-07-25
C00416,Sophie,Roberts,Corporate,South West,Exeter,2025-08-30
C00417,Isla,Jones,Consumer,North West,Liverpool,2023-10-20
C00418,Sophie,Wilson,Corporate,North East,Newcastle,2022-03-18
C00419,Mia,Roberts,Consumer,London,London,2024-03-24
C00420,Isla,Thomas,Small Business,London,London,2022-01-19
C00421,Muhammad,Hall,Small Business,Yorkshire,Hull,2023-08-06
C00422,Muhammad,Patel,Consumer,East of England,Cambridge,2024-10-29
C00423,Freya,White,Small Business,Yorkshire,York,2022-11-29
C00424,Freya,Wright,Corporate,East of England,Peterborough,2022-01-29
C00425,Grace,Evans,Corporate,West Midlands,Wolverhampton,2022-12-26
C00426,Charlie,Brown,Consumer,Yorkshire,Sheffield,2022-06-27
C00427,Sophie,Davies,Consumer,East Midlands,Derby,2023-10-25
C00428,Muhammad,Patel,Corporate,South West,Plymouth,2023-04-28
C00429,James,Patel,Small Business,Scotland,Aberdeen,2025-03-19
C00430,Sophia,Brown,Corporate,West Midlands,Coventry,2022-05-08
C00431,Sophia,Green,Small Business,East of England,Norwich,2024-04-10
C00432,Sophie,Robinson,Corporate,South East,Reading,2025-08-01
C00433,Ella,Williams,Corporate,West Midlands,Wolverhampton,2022-10-01
C00434,Poppy,Hall,Corporate,Scotland,Edinburgh,2024-02-05
C00435,Arthur,Clarke,Consumer,West Midlands,Wolverhampton,2025-10-25
C00436,Henry,Thompson,Consumer,East Midlands,Leicester,2024-12-17
C00437,Theo,Green,Consumer,London,London,2025-01-26
C00438,Evie,Green,Corporate,East of England,Cambridge,2023-11-03
C00439,Ella,Taylor,Small Business,West Midlands,Coventry,2025-04-09
C00440,George,Green,Corporate,London,London,2024-07-17
C00441,Lily,White,Small Business,Scotland,Aberdeen,2022-04-29
C00442,Jack,Smith,Small Business,London,London,2024-03-21
C00443,Olivia,Walker,Corporate,Scotland,Glasgow,2022-05-30
C00444,Sophie,Taylor,Corporate,North East,Newcastle,2022-05-04
C00445,Amelia,Williams,Small Business,North West,Chester,2024-04-17
C00446,Muhammad,Evans,Corporate,Yorkshire,Leeds,2024-02-23
C00447,Leo,Thompson,Consumer,North East,Newcastle,2022-09-30
C00448,Thomas,Williams,Small Business,North East,Newcastle,2024-03-15
C00449,Isla,White,Small Business,London,London,2022-02-16
C00450,Alfie,Davies,Consumer,North East,Sunderland,2024-02-16
C00451,Jack,Johnson,Small Business,Yorkshire,Leeds,2022-11-14
C00452,Poppy,Clarke,Consumer,London,London,2025-09-14
C00453,Emma,Clarke,Consumer,West Midlands,Coventry,2022-05-18
C00454,Henry,Jones,Consumer,Scotland,Glasgow,2025-10-08
C00455,Ava,Hall,Consumer,South West,Bristol,2024-06-17
C00456,Isla,Davies,Small Business,East of England,Peterborough,2024-10-28
C00457,Grace,Wright,Consumer,Yorkshire,York,2025-03-28
C00458,Thomas,Davies,Corporate,East of England,Norwich,2025-09-14
C00459,Lily,Thomas,Small Business,North West,Liverpool,2022-05-05
C00460,Ella,Jones,Corporate,South West,Bath,2025-02-12
C00461,Henry,Walker,Corporate,North East,Newcastle,2023-10-15
C00462,Amelia,Hall,Corporate,North West,Liverpool,2024-02-10
C00463,Evie,Williams,Corporate,West Midlands,Birmingham,2023-09-08
C00464,Poppy,Hall,Small Business,North East,Newcastle,2024-04-25
C00465,Jack,Johnson,Corporate,South West,Bristol,2023-05-13
C00466,William,Hall,Small Business,East Midlands,Nottingham,2024-01-30
C00467,Charlie,Clarke,Small Business,London,London,2023-07-04
C00468,Mia,Thomas,Small Business,South East,Reading,2023-01-21
C00469,Evie,Wright,Corporate,East Midlands,Leicester,2023-03-04
C00470,Freya,Brown,Small Business,West Midlands,Coventry,2023-01-25
C00471,Grace,Johnson,Corporate,West Midlands,Birmingham,2025-11-25
C00472,Arthur,Robinson,Corporate,North East,Sunderland,2023-10-21
C00473,Emily,Robinson,Corporate,North East,Sunderland,2025-08-21
C00474,Muhammad,Brown,Small Business,North East,Sunderland,2024-10-15
C00475,Emily,Wright,Corporate,Yorkshire,Leeds,2023-02-21
C00476,Freya,Williams,Consumer,Scotland,Aberdeen,2023-03-30
C00477,Oscar,Walker,Corporate,North East,Newcastle,2025-04-11
C00478,Ava,Evans,Small Business,West Midlands,Birmingham,2023-11-07
C00479,Leo,Wright,Corporate,East Midlands,Lincoln,2025-02-01
C00480,Amelia,Thompson,Consumer,East Midlands,Nottingham,2024-08-01
C00481,Amelia,Hall,Small Business,North East,Newcastle,2024-09-27
C00482,Alfie,Taylor,Small Business,North East,Newcastle,2022-03-11
C00483,George,Davies,Consumer,London,London,2024-04-24
C00484,Thomas,White,Corporate,London,London,2023-03-24
C00485,Sophia,Clarke,Corporate,Scotland,Dundee,2025-07-30
C00486,Lily,Hall,Corporate,London,London,2022-01-14
C00487,Freya,Patel,Small Business,London,London,2024-12-20
C00488,Alfie,Walker,Consumer,London,London,2024-10-25
C00489,George,Davies,Consumer,South East,Oxford,2024-12-09
C00490,Mia,Evans,Consumer,Yorkshire,York,2023-07-02
C00491,Oscar,Davies,Small Business,South West,Exeter,2024-07-29
C00492,Alfie,Taylor,Small Business,North West,Manchester,2025-11-01
C00493,Charlie,Evans,Small Business,South East,Canterbury,2024-04-10
C00494,James,Wilson,Consumer,London,London,2025-07-28
C00495,Mia,Wright,Small Business,South West,Bristol,2025-08-13
C00496,Ava,Johnson,Small Business,North East,Durham,2022-03-29
C00497,Olivia,Taylor,Small Business,East Midlands,Derby,2023-07-10
C00498,Sophia,Jones,Consumer,North East,Sunderland,2025-02-28
C00499,Oscar,Williams,Small Business,London,London,2023-03-01
C00500,Amelia,Thomas,Consumer,South East,Canterbury,2023-09-05
C00501,Charlie,Williams,Small Business,North East,Durham,2023-11-11
C00502,Freya,Thompson,Consumer,South East,Brighton,2024-10-22
C00503,Alfie,Taylor,Corporate,South West,Bath,2023-04-21
C00504,Leo,Patel,Corporate,Yorkshire,Hull,2022-03-02
C00505,Lily,Evans,Corporate,West Midlands,Birmingham,2023-12-30
C00506,Charlie,Taylor,Small Business,Scotland,Aberdeen,2025-09-15
C00507,William,Taylor,Corporate,West Midlands,Birmingham,2025-12-31
C00508,Mia,Williams,Small Business,South West,Bath,2025-12-28
C00509,Emma,Taylor,Consumer,Yorkshire,York,2024-01-09
C00510,Arthur,Patel,Consumer,East Midlands,Nottingham,2024-01-08
C00511,Poppy,White,Small Business,South East,Canterbury,2023-01-19
C00512,William,Thompson,Small Business,South East,Brighton,2022-02-23
C00513,Mia,Wright,Corporate,Scotland,Glasgow,2025-05-09
C00514,Charlie,Taylor,Small Business,North West,Liverpool,2024-04-27
C00515,Amelia,Evans,Consumer,Scotland,Edinburgh,2024-12-03
C00516,Jack,Roberts,Consumer,North West,Manchester,2023-09-09
C00517,Jack,Walker,Corporate,East of England,Norwich,2024-06-09
C00518,Jack,Davies,Small Business,South East,Canterbury,2024-01-10
C00519,Harry,White,Consumer,Scotland,Edinburgh,2025-06-16
C00520,Charlie,Wright,Small Business,North West,Chester,2022-01-14
C00521,Noah,Walker,Small Business,Yorkshire,Sheffield,2024-06-20
C00522,Grace,Johnson,Corporate,North West,Preston,2023-10-19
C00523,Noah,Robinson,Small Business,East of England,Peterborough,2024-03-26
C00524,Mia,Davies,Corporate,East Midlands,Lincoln,2025-03-25
C00525,Emily,Brown,Small Business,North West,Liverpool,2024-03-15
C00526,Amelia,Hall,Consumer,Scotland,Dundee,2025-01-22
C00527,Mia,Robinson,Small Business,West Midlands,Birmingham,2024-06-16
C00528,Ella,Williams,Small Business,South West,Plymouth,2025-10-10
C00529,Sophia,Williams,Small Business,West Midlands,Coventry,2023-06-02
C00530,Muhammad,Clarke,Corporate,South West,Bath,2022-06-01
C00531,Sophie,Walker,Small Business,North East,Newcastle,2024-11-03
C00532,Theo,Hall,Small Business,Yorkshire,Leeds,2025-12-07
C00533,Sophia,Thompson,Consumer,South East,Brighton,2023-05-24
C00534,Sophia,Evans,Corporate,Scotland,Dundee,2025-08-14
C00535,Emma,Patel,Consumer,South East,Reading,2022-01-22
C00536,Charlie,White,Small Business,East Midlands,Nottingham,2024-02-06
C00537,Ella,Brown,Corporate,Yorkshire,Hull,2022-02-20
C00538,Alfie,Williams,Corporate,South East,Oxford,2022-08-26
C00539,Mia,Johnson,Small Business,Yorkshire,Hull,2024-07-21
C00540,Emma,White,Small Business,Yorkshire,Hull,2024-09-02
C00541,Isla,Jones,Small Business,Yorkshire,Leeds,2022-05-18
C00542,Leo,Brown,Small Business,London,London,2023-12-04
C00543,Amelia,Hall,Consumer,West Midlands,Coventry,2024-11-22
C00544,Muhammad,Davies,Corporate,North East,Durham,2024-05-23
C00545,Leo,Walker,Corporate,East of England,Cambridge,2023-01-17
C00546,Muhammad,Thomas,Corporate,Scotland,Dundee,2023-02-09
C00547,Harry,Johnson,Corporate,London,London,2025-12-14
C00548,Mia,Hall,Consumer,Scotland,Aberdeen,2022-07-28
C00549,Muhammad,Brown,Corporate,Yorkshire,Hull,2023-02-08
C00550,Noah,Clarke,Corporate,North East,Durham,2025-08-01
C00551,Emma,Thompson,Corporate,South West,Bath,2025-04-17
C00552,Alfie,Robinson,Small Business,Scotland,Glasgow,2022-12-20
C00553,Emma,Davies,Corporate,East of England,Cambridge,2023-10-04
C00554,Henry,Williams,Small Business,East of England,Norwich,2024-02-04
C00555,George,Thomas,Corporate,South West,Bath,2025-05-06
C00556,Leo,Hall,Small Business,East of England,Peterborough,2024-09-23
C00557,Amelia,Roberts,Corporate,East of England,Cambridge,2025-02-10
C00558,Alfie,White,Small Business,East of England,Cambridge,2023-10-07
C00559,Ella,Williams,Consumer,Yorkshire,Hull,2022-01-20
C00560,Leo,Roberts,Corporate,North East,Durham,2024-11-01
C00561,Henry,White,Corporate,East Midlands,Nottingham,2024-05-01
C00562,James,Davies,Corporate,South East,Brighton,2025-03-03
C00563,Lily,Robinson,Consumer,North West,Chester,2023-04-06
C00564,Lily,Green,Consumer,Scotland,Glasgow,2024-10-11
C00565,Alfie,Thompson,Small Business,North West,Manchester,2025-01-17
C00566,Harry,Walker,Consumer,East Midlands,Nottingham,2025-01-23
C00567,Muhammad,Patel,Corporate,North West,Manchester,2022-03-08
C00568,Arthur,Davies,Consumer,East Midlands,Derby,2022-08-29
C00569,Poppy,Wilson,Small Business,Scotland,Edinburgh,2025-07-19
C00570,Mia,Jones,Small Business,West Midlands,Coventry,2023-02-28
C00571,Grace,Hall,Consumer,North East,Sunderland,2023-07-30
C00572,Oscar,Patel,Small Business,North West,Manchester,2023-08-16
C00573,Sophie,Jones,Corporate,East of England,Peterborough,2024-04-22
C00574,Evie,Williams,Consumer,East of England,Cambridge,2025-12-07
C00575,Arthur,Evans,Corporate,Yorkshire,Sheffield,2023-05-22
C00576,Jack,Walker,Corporate,Scotland,Dundee,2025-07-19
C00577,Mia,Taylor,Corporate,South East,Oxford,2025-07-21
C00578,Ella,Wright,Small Business,Yorkshire,Leeds,2024-07-20
C00579,Leo,Thompson,Consumer,South East,Canterbury,2024-07-27
C00580,Alfie,Johnson,Corporate,West Midlands,Coventry,2024-05-29
C00581,Noah,Hall,Small Business,Yorkshire,Sheffield,2023-08-04
C00582,Mia,Wright,Small Business,Scotland,Glasgow,2024-09-20
C00583,Leo,White,Consumer,London,London,2022-07-23
C00584,Muhammad,Smith,Corporate,East of England,Cambridge,2024-06-22
C00585,Isla,Wilson,Corporate,East of England,Cambridge,2025-08-24
C00586,William,Thompson,Small Business,Yorkshire,Sheffield,2023-05-28
C00587,Leo,Robinson,Small Business,London,London,2024-03-22
C00588,William,Brown,Consumer,South West,Exeter,2025-09-04
C00589,George,Thomas,Consumer,East Midlands,Lincoln,2022-06-09
C00590,Henry,Wright,Consumer,London,London,2022-01-17
C00591,William,Davies,Corporate,East of England,Cambridge,2024-09-05
C00592,Noah,Thompson,Corporate,South East,Reading,2022-07-31
C00593,Leo,Williams,Consumer,South West,Bristol,2022-09-30
C00594,Amelia,White,Corporate,Scotland,Edinburgh,2025-08-24
C00595,Grace,White,Consumer,East of England,Cambridge,2024-04-23
C00596,Arthur,Brown,Small Business,South East,Canterbury,2022-10-14
C00597,Noah,Williams,Consumer,Yorkshire,York,2024-05-29
C00598,Lily,Clarke,Small Business,South East,Oxford,2023-05-24
C00599,Theo,Robinson,Consumer,London,London,2025-09-10
C00600,Leo,Jones,Consumer,South West,Bath,2023-08-29
C00601,Ava,Roberts,Small Business,South West,Bristol,2022-08-19
C00602,Emily,Wright,Consumer,North East,Sunderland,2022-01-25
C00603,Emily,Hall,Small Business,Scotland,Edinburgh,2024-05-11
C00604,James,Thomas,Consumer,East Midlands,Leicester,2022-05-30
C00605,Olivia,Jones,Corporate,North West,Preston,2023-03-18
C00606,Poppy,Evans,Consumer,North East,Durham,2024-04-30
C00607,Grace,Williams,Corporate,North East,Newcastle,2025-01-06
C00608,Thomas,Johnson,Consumer,North West,Preston,2022-06-11
C00609,Leo,Taylor,Corporate,South West,Bath,2025-04-16
C00610,Ava,Taylor,Corporate,West Midlands,Birmingham,2022-04-29
C00611,Grace,Jones,Corporate,East Midlands,Nottingham,2025-06-07
C00612,Henry,Williams,Small Business,South East,Brighton,2022-01-26
C00613,Emily,Green,Small Business,East of England,Peterborough,2024-10-13
C00614,Emily,Williams,Small Business,North West,Preston,2022-12-08
C00615,Noah,Walker,Corporate,South East,Brighton,2022-03-02
C00616,Oscar,Taylor,Corporate,North West,Chester,2025-12-29
C00617,Olivia,Roberts,Small Business,North East,Newcastle,2024-01-08
C00618,Jack,Brown,Small Business,Yorkshire,Leeds,2022-11-19
C00619,James,Jones,Consumer,West Midlands,Birmingham,2024-11-08
C00620,Emily,Evans,Consumer,London,London,2024-08-24
C00621,Mia,Walker,Consumer,London,London,2025-02-06
C00622,Sophie,Wright,Corporate,West Midlands,Birmingham,2024-05-02
C00623,Emma,Green,Small Business,Scotland,Glasgow,2024-02-03
C00624,Mia,Green,Consumer,East of England,Norwich,2023-04-03
C00625,Evie,Robinson,Corporate,South East,Oxford,2024-08-10
C00626,Muhammad,Smith,Corporate,South East,Reading,2025-02-06
C00627,Mia,Robinson,Small Business,North West,Liverpool,2025-02-28
C00628,Oscar,Roberts,Consumer,East Midlands,Nottingham,2024-01-25
C00629,Sophie,Walker,Consumer,East of England,Cambridge,2022-01-14
C00630,Leo,Smith,Corporate,North East,Newcastle,2023-12-11
C00631,Emma,Johnson,Small Business,South West,Exeter,2023-09-22
C00632,Olivia,Williams,Small Business,South West,Plymouth,2024-10-04
C00633,Sophie,Davies,Small Business,South East,Canterbury,2022-03-31
C00634,Freya,Taylor,Small Business,Yorkshire,Leeds,2024-07-27
C00635,Leo,Evans,Consumer,North East,Durham,2022-10-01
C00636,Poppy,Williams,Consumer,Scotland,Aberdeen,2022-05-08
C00637,Sophie,Evans,Small Business,North West,Preston,2023-10-08
C00638,Jack,Davies,Consumer,Yorkshire,Sheffield,2024-07-16
C00639,Emma,Williams,Consumer,East of England,Cambridge,2025-04-12
C00640,Noah,Walker,Consumer,East Midlands,Derby,2024-08-12
C00641,Isla,White,Corporate,West Midlands,Birmingham,2024-07-14
C00642,Mia,Robinson,Small Business,South East,Brighton,2022-11-19
C00643,George,Taylor,Small Business,West Midlands,Birmingham,2023-11-03
C00644,Thomas,Jones,Small Business,Yorkshire,York,2024-03-22
C00645,James,Evans,Corporate,North West,Liverpool,2022-12-23
C00646,Emma,Williams,Consumer,South East,Brighton,2024-08-04
C00647,George,Johnson,Corporate,London,London,2023-04-01
C00648,Oscar,Patel,Consumer,South East,Brighton,2025-04-07
C00649,Theo,White,Consumer,South East,Brighton,2023-02-09
C00650,Olivia,White,Consumer,Yorkshire,Sheffield,2022-09-08
C00651,Alfie,Evans,Corporate,Scotland,Glasgow,2024-06-06
C00652,Poppy,Wilson,Corporate,South West,Exeter,2025-10-31
C00653,Jack,White,Consumer,East of England,Cambridge,2023-07-18
C00654,Grace,Davies,Small Business,Scotland,Aberdeen,2025-06-22
C00655,Theo,Hall,Corporate,East Midlands,Leicester,2024-04-23
C00656,Charlie,Williams,Corporate,South East,Reading,2023-07-27
C00657,Leo,Hall,Consumer,North East,Sunderland,2023-05-26
C00658,Lily,Roberts,Corporate,Yorkshire,York,2024-09-09
C00659,Amelia,Smith,Corporate,South West,Exeter,2023-07-08
C00660,Olivia,Roberts,Small Business,London,London,2023-07-30
C00661,Amelia,Brown,Consumer,Scotland,Edinburgh,2023-04-22
C00662,Alfie,Jones,Consumer,North West,Chester,2024-12-28
C00663,Amelia,Davies,Small Business,Yorkshire,York,2022-12-22
C00664,James,Thompson,Small Business,Yorkshire,Sheffield,2025-04-26
C00665,Alfie,Roberts,Small Business,Scotland,Aberdeen,2023-01-21
C00666,Olivia,Taylor,Consumer,East of England,Cambridge,2024-10-01
C00667,James,Green,Corporate,Scotland,Glasgow,2023-03-25
C00668,Harry,Williams,Corporate,Yorkshire,Sheffield,2025-06-11
C00669,James,Williams,Small Business,Yorkshire,Sheffield,2022-05-02
C00670,Evie,Thompson,Consumer,South East,Oxford,2024-12-13
C00671,Emma,Wright,Corporate,South West,Plymouth,2025-04-15
C00672,Freya,Walker,Small Business,East of England,Norwich,2022-11-19
C00673,Henry,Hall,Small Business,Yorkshire,York,2022-12-23
C00674,Oscar,Wilson,Corporate,West Midlands,Coventry,2025-09-25
C00675,Amelia,Smith,Small Business,North West,Chester,2022-09-18
C00676,Amelia,Clarke,Corporate,Scotland,Edinburgh,2022-03-08
C00677,Sophie,Roberts,Consumer,Scotland,Aberdeen,2022-08-02
C00678,Emily,Wright,Consumer,South East,Brighton,2023-05-03
C00679,James,Patel,Consumer,Yorkshire,Sheffield,2024-07-03
C00680,Jack,Brown,Small Business,South East,Brighton,2023-12-19
C00681,Muhammad,Walker,Consumer,London,London,2024-03-01
C00682,Emily,Hall,Corporate,East Midlands,Leicester,2024-02-15
C00683,Leo,Davies,Consumer,East Midlands,Lincoln,2025-03-29
C00684,Isla,Smith,Corporate,South East,Oxford,2022-03-10
C00685,Noah,Wilson,Corporate,South East,Reading,2022-06-01
C00686,Theo,Taylor,Corporate,South East,Canterbury,2025-01-25
C00687,Leo,Wilson,Small Business,London,London,2024-06-02
C00688,Emma,Wright,Consumer,East of England,Cambridge,2022-04-20
C00689,Lily,Hall,Corporate,South West,Plymouth,2025-11-28
C00690,Emma,Jones,Corporate,North West,Chester,2023-05-02
C00691,Emily,Smith,Corporate,East of England,Cambridge,2022-04-22
C00692,Leo,Clarke,Corporate,North West,Liverpool,2025-09-17
C00693,Harry,Wilson,Small Business,South East,Oxford,2022-02-22
C00694,Evie,Brown,Corporate,South East,Canterbury,2024-08-27
C00695,Theo,Patel,Consumer,East Midlands,Lincoln,2024-09-28
C00696,Theo,Evans,Corporate,East of England,Cambridge,2024-01-30
C00697,Jack,White,Corporate,East Midlands,Derby,2022-04-02
C00698,Oscar,Jones,Consumer,West Midlands,Wolverhampton,2023-07-05
C00699,Sophia,Thompson,Small Business,South East,Canterbury,2022-06-25
C00700,Lily,Jones,Corporate,Scotland,Dundee,2023-04-11
C00701,Evie,Roberts,Small Business,North East,Newcastle,2025-11-08
C00702,William,Evans,Small Business,East Midlands,Leicester,2023-09-05
C00703,Theo,Green,Small Business,North East,Durham,2025-03-15
C00704,Emma,White,Consumer,Scotland,Edinburgh,2022-10-29
C00705,George,Jones,Corporate,West Midlands,Birmingham,2023-01-30
C00706,Alfie,Williams,Small Business,South West,Plymouth,2023-02-18
C00707,William,Evans,Small Business,Yorkshire,Hull,2022-05-18
C00708,Evie,Patel,Small Business,North East,Sunderland,2023-10-30
C00709,Grace,Thomas,Small Business,London,London,2025-12-05
C00710,George,Williams,Small Business,South East,Brighton,2024-04-28
C00711,Arthur,Brown,Corporate,South East,Oxford,2025-02-26
C00712,Charlie,Roberts,Small Business,South West,Bath,2023-06-25
C00713,Jack,Evans,Consumer,London,London,2022-12-19
C00714,Theo,Wright,Small Business,London,London,2024-03-21
C00715,Sophie,Patel,Corporate,London,London,2024-08-31
C00716,Isla,Patel,Corporate,Yorkshire,Leeds,2023-09-13
C00717,Isla,White,Corporate,West Midlands,Coventry,2022-10-03
C00718,Leo,Taylor,Consumer,South West,Bath,2025-05-23
C00719,Freya,Roberts,Small Business,West Midlands,Coventry,2024-04-13
C00720,Mia,Wilson,Consumer,London,London,2024-11-21
C00721,George,Green,Small Business,North East,Newcastle,2024-04-06
C00722,Theo,Johnson,Consumer,East of England,Cambridge,2023-01-30
C00723,Olivia,Thompson,Small Business,London,London,2024-07-23
C00724,Alfie,White,Small Business,North West,Chester,2024-01-25
C00725,James,Davies,Corporate,South East,Canterbury,2025-10-27
C00726,Amelia,Roberts,Small Business,Scotland,Aberdeen,2024-07-02
C00727,Alfie,Patel,Small Business,Yorkshire,Leeds,2022-12-01
C00728,Charlie,Jones,Consumer,North West,Liverpool,2022-02-26
C00729,Ava,Johnson,Corporate,West Midlands,Wolverhampton,2025-08-18
C00730,James,Smith,Corporate,South West,Exeter,2024-11-17
C00731,Mia,Smith,Consumer,East of England,Norwich,2025-05-16
C00732,Henry,Patel,Corporate,Scotland,Dundee,2023-09-18
C00733,Jack,Johnson,Corporate,Yorkshire,York,2024-07-29
C00734,Charlie,Thomas,Consumer,North East,Newcastle,2025-07-01
C00735,Alfie,Thompson,Small Business,North East,Durham,2025-09-18
C00736,Isla,Robinson,Small Business,Scotland,Glasgow,2025-06-01
C00737,Noah,Patel,Small Business,East Midlands,Derby,2022-05-11
C00738,Leo,Robinson,Consumer,North West,Liverpool,2023-06-19
C00739,Theo,Jones,Small Business,North East,Sunderland,2023-05-08
C00740,George,Smith,Small Business,Yorkshire,Hull,2025-10-26
C00741,Sophie,Walker,Corporate,North West,Chester,2023-06-16
C00742,Henry,Thomas,Consumer,London,London,2025-04-09
C00743,Lily,Roberts,Small Business,West Midlands,Coventry,2025-11-06
C00744,Evie,Wilson,Small Business,North East,Durham,2023-09-07
C00745,Emma,Roberts,Consumer,East of England,Peterborough,2023-08-25
C00746,Arthur,Wilson,Small Business,North West,Preston,2025-02-18
C00747,Emily,Davies,Small Business,South East,Oxford,2023-04-01
C00748,Emily,Patel,Small Business,South West,Plymouth,2023-11-10
C00749,Ella,Jones,Small Business,East Midlands,Leicester,2022-08-30
C00750,Thomas,Brown,Small Business,East Midlands,Lincoln,2023-02-03
C00751,Poppy,Jones,Consumer,North East,Newcastle,2023-09-04
C00752,Poppy,Thomas,Corporate,West Midlands,Birmingham,2023-12-03
C00753,Arthur,Taylor,Corporate,Yorkshire,York,2023-01-05
C00754,Leo,Jones,Consumer,East of England,Norwich,2023-10-04
C00755,Arthur,Wilson,Small Business,North West,Liverpool,2023-03-05
C00756,George,Clarke,Corporate,East Midlands,Lincoln,2022-06-30
C00757,Ella,Evans,Consumer,South West,Bristol,2024-05-28
C00758,Freya,Thompson,Consumer,North East,Sunderland,2023-02-13
C00759,James,Smith,Small Business,North East,Durham,2023-01-26
C00760,Henry,Thompson,Corporate,West Midlands,Birmingham,2023-04-09
C00761,Thomas,Thomas,Corporate,South East,Reading,2024-02-25
C00762,Isla,Robinson,Corporate,South East,Oxford,2022-04-04
C00763,George,Wright,Corporate,South West,Plymouth,2025-11-07
C00764,Sophie,Evans,Consumer,West Midlands,Birmingham,2022-12-04
C00765,Harry,Smith,Small Business,West Midlands,Wolverhampton,2022-09-26
C00766,Emily,Jones,Corporate,East of England,Peterborough,2022-09-10
C00767,Grace,Jones,Small Business,North West,Manchester,2024-12-31
C00768,Alfie,Smith,Consumer,South East,Brighton,2025-08-31
C00769,Charlie,Brown,Small Business,South West,Plymouth,2024-06-28
C00770,George,Johnson,Small Business,East Midlands,Leicester,2025-12-08
C00771,Sophia,Brown,Small Business,North West,Preston,2024-05-11
C00772,Henry,Williams,Corporate,Scotland,Glasgow,2025-05-25
C00773,Emma,Robinson,Consumer,North East,Newcastle,2025-06-19
C00774,Grace,Johnson,Corporate,East Midlands,Nottingham,2023-02-11
C00775,Poppy,Robinson,Consumer,Yorkshire,Leeds,2025-12-11
C00776,Sophie,Johnson,Small Business,North East,Sunderland,2024-10-13
C00777,James,Smith,Small Business,Yorkshire,Leeds,2023-04-26
C00778,Sophia,Roberts,Consumer,South East,Brighton,2025-03-21
C00779,Freya,Brown,Corporate,North East,Durham,2022-06-03
C00780,Isla,Patel,Corporate,West Midlands,Birmingham,2024-07-24
C00781,Evie,Jones,Corporate,South East,Oxford,2022-12-24
C00782,Freya,Brown,Consumer,Yorkshire,Leeds,2024-05-22
C00783,Sophia,Wilson,Corporate,London,London,2022-10-11
C00784,Jack,Taylor,Corporate,East Midlands,Derby,2025-06-27
C00785,Charlie,Evans,Corporate,East of England,Norwich,2022-08-22
C00786,Evie,Roberts,Corporate,South West,Exeter,2025-11-13
C00787,Henry,Jones,Consumer,South East,Brighton,2022-09-29
C00788,Ella,Thomas,Small Business,South West,Bath,2025-04-24
C00789,Charlie,Thompson,Small Business,East of England,Cambridge,2025-06-05
C00790,Sophie,Roberts,Consumer,East of England,Norwich,2024-09-16
C00791,William,Patel,Small Business,East Midlands,Derby,2022-04-05
C00792,Evie,Green,Small Business,London,London,2025-12-13
C00793,Thomas,Clarke,Consumer,Yorkshire,Hull,2024-11-29
C00794,Emily,Evans,Consumer,West Midlands,Wolverhampton,2024-09-13
C00795,James,Wilson,Small Business,Scotland,Dundee,2022-04-22
C00796,William,Roberts,Corporate,East Midlands,Nottingham,2022-12-05
C00797,Olivia,Green,Consumer,Yorkshire,Hull,2023-07-24
C00798,William,White,Corporate,South West,Bath,2023-04-27
C00799,Muhammad,Wright,Consumer,South East,Canterbury,2024-10-17
C00800,Charlie,Walker,Consumer,London,London,2022-07-30
C00801,Grace,Robinson,Small Business,South East,Reading,2025-05-22
C00802,Emily,Jones,Consumer,East Midlands,Lincoln,2023-11-30
C00803,Arthur,Clarke,Small Business,Yorkshire,Hull,2025-02-21
C00804,Emma,Brown,Small Business,Yorkshire,Sheffield,2024-07-15
C00805,Emily,Robinson,Small Business,London,London,2023-12-01
C00806,Theo,Wilson,Corporate,South East,Reading,2022-04-04
C00807,Jack,Clarke,Consumer,South West,Exeter,2022-08-08
C00808,Harry,White,Consumer,South East,Oxford,2024-03-15
C00809,Olivia,Thomas,Consumer,South East,Canterbury,2024-04-28
C00810,Oscar,Green,Consumer,East Midlands,Lincoln,2025-09-10
C00811,Freya,Jones,Small Business,London,London,2024-12-22
C00812,Sophie,Green,Consumer,Scotland,Edinburgh,2024-09-16
C00813,Charlie,Clarke,Small Business,East of England,Norwich,2022-08-01
C00814,Poppy,Clarke,Small Business,North East,Newcastle,2024-02-27
C00815,Noah,Robinson,Corporate,North West,Liverpool,2024-03-25
C00816,Grace,Green,Corporate,East of England,Peterborough,2024-04-25
C00817,Henry,Hall,Small Business,North East,Newcastle,2023-10-05
C00818,Grace,Robinson,Small Business,West Midlands,Coventry,2023-03-06
C00819,Leo,Wilson,Small Business,East of England,Peterborough,2025-12-25
C00820,Emma,Thompson,Small Business,Yorkshire,Hull,2025-12-25
C00821,Sophia,Walker,Small Business,Scotland,Aberdeen,2025-03-14
C00822,Thomas,Brown,Consumer,South West,Bath,2022-01-27
C00823,Sophia,Jones,Consumer,East of England,Norwich,2022-04-19
C00824,Sophia,Patel,Consumer,East of England,Cambridge,2023-08-10
C00825,Arthur,Hall,Consumer,North West,Preston,2023-02-22
C00826,Grace,Hall,Consumer,East Midlands,Lincoln,2022-07-29
C00827,Mia,Robinson,Small Business,West Midlands,Wolverhampton,2024-11-12
C00828,Charlie,Walker,Small Business,London,London,2024-02-21
C00829,James,Patel,Consumer,North East,Durham,2022-04-21
C00830,Sophie,Thompson,Small Business,East Midlands,Nottingham,2023-04-07
C00831,Muhammad,Wilson,Small Business,West Midlands,Birmingham,2023-08-26
C00832,Freya,Green,Consumer,East of England,Norwich,2022-12-22
C00833,Jack,Hall,Corporate,London,London,2024-05-27
C00834,Evie,Patel,Consumer,East of England,Norwich,2025-04-11
C00835,Sophie,Williams,Consumer,East Midlands,Nottingham,2025-12-24
C00836,Olivia,Clarke,Small Business,Yorkshire,York,2025-05-07
C00837,Lily,Thompson,Consumer,East Midlands,Derby,2025-03-18
C00838,Amelia,Green,Consumer,North East,Durham,2023-03-27
C00839,Lily,Hall,Corporate,East of England,Cambridge,2024-05-01
C00840,Theo,Johnson,Small Business,Yorkshire,York,2023-03-30
C00841,Isla,Johnson,Small Business,Yorkshire,Hull,2024-01-09
C00842,James,Brown,Small Business,North East,Sunderland,2025-08-22
C00843,Theo,Clarke,Small Business,East Midlands,Nottingham,2023-05-08
C00844,Theo,Wright,Corporate,London,London,2025-10-29
C00845,Lily,Robinson,Consumer,South West,Plymouth,2023-06-10
C00846,Muhammad,Roberts,Consumer,North East,Sunderland,2024-11-07
C00847,Thomas,Taylor,Consumer,West Midlands,Birmingham,2023-10-19
C00848,James,Taylor,Consumer,North East,Durham,2024-12-28
C00849,Poppy,Brown,Consumer,West Midlands,Wolverhampton,2025-11-04
C00850,Alfie,Taylor,Small Business,South West,Exeter,2025-08-17
C00851,Henry,Wright,Consumer,London,London,2024-07-29
C00852,Amelia,Patel,Small Business,South East,Brighton,2022-04-22
C00853,Sophie,Patel,Corporate,Scotland,Dundee,2023-04-12
C00854,Charlie,Walker,Corporate,East Midlands,Leicester,2025-07-14
C00855,Emma,Hall,Consumer,South West,Bristol,2025-10-10
C00856,Henry,Taylor,Corporate,Scotland,Glasgow,2022-04-04
C00857,Isla,Clarke,Consumer,North West,Preston,2025-11-05
C00858,Charlie,Smith,Corporate,East Midlands,Nottingham,2024-02-21
C00859,George,Evans,Small Business,North East,Sunderland,2023-03-27
C00860,Sophia,Thompson,Consumer,East of England,Peterborough,2023-09-03
C00861,Emma,Jones,Consumer,North East,Durham,2022-10-17
C00862,Lily,Hall,Consumer,Scotland,Aberdeen,2024-03-18
C00863,Harry,Walker,Small Business,West Midlands,Wolverhampton,2023-12-06
C00864,Amelia,Davies,Small Business,East of England,Norwich,2022-11-26
C00865,Amelia,Thomas,Consumer,West Midlands,Wolverhampton,2022-08-23
C00866,Lily,Taylor,Corporate,East Midlands,Leicester,2025-08-13
C00867,Harry,Thomas,Corporate,North West,Preston,2022-07-21
C00868,Sophia,Davies,Consumer,Yorkshire,York,2022-09-20
C00869,Theo,Johnson,Corporate,Scotland,Dundee,2022-05-23
C00870,Grace,Robinson,Small Business,East Midlands,Nottingham,2023-11-04
C00871,Emily,Wright,Corporate,Scotland,Edinburgh,2025-03-06
C00872,Ava,Davies,Small Business,London,London,2023-10-04
C00873,George,Wright,Corporate,North West,Chester,2024-01-07
C00874,Arthur,Robinson,Corporate,East Midlands,Leicester,2024-01-05
C00875,Grace,Taylor,Corporate,East of England,Cambridge,2025-08-15
C00876,Jack,Taylor,Small Business,North East,Newcastle,2023-02-07
C00877,Leo,Smith,Small Business,London,London,2024-11-04
C00878,Sophie,Jones,Small Business,Scotland,Aberdeen,2023-03-12
C00879,Ella,Williams,Corporate,North East,Sunderland,2025-01-10
C00880,Freya,Robinson,Consumer,West Midlands,Coventry,2025-04-22
C00881,William,Evans,Corporate,North East,Durham,2024-11-11
C00882,Ava,Clarke,Small Business,London,London,2025-09-19
C00883,Muhammad,Wilson,Consumer,North East,Durham,2022-10-15
C00884,Evie,Williams,Small Business,Scotland,Dundee,2025-09-12
C00885,Ava,Roberts,Consumer,Yorkshire,Leeds,2022-03-24
C00886,Ava,Jones,Small Business,North West,Liverpool,2024-01-27
C00887,Charlie,Roberts,Corporate,North East,Newcastle,2024-01-10
C00888,Noah,Brown,Small Business,London,London,2025-08-21
C00889,Lily,Thomas,Consumer,North West,Chester,2025-03-31
C00890,Oscar,Taylor,Small Business,South West,Plymouth,2024-01-19
C00891,Thomas,Evans,Corporate,South West,Plymouth,2023-04-02
C00892,Theo,Clarke,Consumer,East Midlands,Nottingham,2024-09-14
C00893,Ava,Taylor,Small Business,East Midlands,Derby,2022-12-06
C00894,Amelia,Wilson,Corporate,West Midlands,Wolverhampton,2022-11-04
C00895,Ava,Walker,Corporate,South East,Brighton,2025-09-15
C00896,Ella,Roberts,Consumer,East Midlands,Nottingham,2025-10-14
C00897,Ava,Jones,Consumer,South West,Exeter,2022-02-15
C00898,Thomas,Jones,Small Business,East of England,Cambridge,2025-07-13
C00899,Jack,Wilson,Small Business,London,London,2022-12-07
C00900,Leo,Smith,Small Business,Scotland,Aberdeen,2025-02-28
C00901,Muhammad,Clarke,Corporate,South East,Canterbury,2023-03-20
C00902,Alfie,Walker,Small Business,East of England,Cambridge,2023-03-26
C00903,Grace,Green,Corporate,Scotland,Edinburgh,2023-01-08
C00904,Grace,Thomas,Consumer,Yorkshire,Sheffield,2024-07-17
C00905,George,Brown,Consumer,South West,Exeter,2024-02-29
C00906,Sophia,Walker,Consumer,North East,Durham,2024-10-29
C00907,Ella,Clarke,Small Business,South East,Brighton,2022-12-30
C00908,Arthur,Brown,Consumer,North East,Sunderland,2024-10-27
C00909,Lily,Smith,Small Business,East of England,Peterborough,2025-05-20
C00910,Poppy,Thompson,Consumer,South West,Bath,2024-12-05
C00911,Mia,Evans,Corporate,West Midlands,Wolverhampton,2024-09-14
C00912,Poppy,Williams,Corporate,Scotland,Dundee,2022-07-20
C00913,Isla,Clarke,Small Business,West Midlands,Coventry,2022-06-21
C00914,James,Smith,Small Business,North West,Manchester,2023-01-23
C00915,Charlie,Johnson,Small Business,North East,Sunderland,2022-01-15
C00916,Emma,Williams,Corporate,South West,Plymouth,2024-01-12
C00917,Poppy,Thomas,Corporate,North West,Preston,2025-01-02
C00918,Poppy,Hall,Small Business,South West,Bath,2023-02-22
C00919,Lily,Hall,Corporate,East of England,Norwich,2024-01-29
C00920,Emily,Evans,Small Business,North West,Liverpool,2025-03-29
C00921,Muhammad,Wilson,Consumer,South East,Reading,2023-04-16
C00922,Mia,Wright,Small Business,North East,Durham,2024-03-31
C00923,Charlie,Smith,Consumer,London,London,2022-11-26
C00924,Poppy,Taylor,Consumer,East Midlands,Derby,2025-05-14
C00925,William,Clarke,Consumer,West Midlands,Wolverhampton,2024-01-30
C00926,Grace,Green,Corporate,South West,Bristol,2024-03-31
C00927,Ella,White,Consumer,East of England,Cambridge,2025-08-04
C00928,Harry,Jones,Small Business,North East,Durham,2023-08-09
C00929,Ava,Clarke,Consumer,North East,Durham,2025-12-01
C00930,Ava,Smith,Consumer,London,London,2024-01-07
C00931,Emily,Evans,Corporate,North West,Liverpool,2024-03-29
C00932,Freya,Taylor,Consumer,North East,Durham,2022-02-01
C00933,Sophie,Thomas,Corporate,North West,Preston,2025-02-19
C00934,Grace,Johnson,Corporate,North West,Chester,2023-04-09
C00935,Jack,Wilson,Corporate,Scotland,Glasgow,2022-01-10
C00936,Thomas,Robinson,Corporate,North East,Newcastle,2022-05-29
C00937,Theo,Hall,Small Business,North East,Sunderland,2023-06-12
C00938,Oscar,Roberts,Consumer,East Midlands,Derby,2024-02-12
C00939,Muhammad,Thomas,Consumer,East Midlands,Lincoln,2025-10-27
C00940,William,Evans,Small Business,South East,Reading,2023-06-13
C00941,Poppy,Thompson,Small Business,West Midlands,Wolverhampton,2023-10-09
C00942,Alfie,Patel,Consumer,London,London,2025-12-06
C00943,Sophia,Wright,Consumer,South East,Reading,2024-03-28
C00944,Emily,Johnson,Small Business,East Midlands,Derby,2023-10-05
C00945,Sophie,Johnson,Corporate,East of England,Peterborough,2025-10-31
C00946,Freya,Davies,Corporate,West Midlands,Birmingham,2023-04-26
C00947,Alfie,Davies,Small Business,West Midlands,Coventry,2023-02-20
C00948,Emma,Taylor,Small Business,East of England,Peterborough,2022-08-07
C00949,James,Hall,Consumer,East Midlands,Lincoln,2025-06-11
C00950,Noah,Roberts,Small Business,Yorkshire,York,2025-06-25
C00951,Arthur,Green,Corporate,East Midlands,Lincoln,2023-01-10
C00952,George,Jones,Small Business,West Midlands,Coventry,2025-03-27
C00953,Olivia,Green,Corporate,East Midlands,Lincoln,2025-01-12
C00954,Emma,Green,Corporate,East of England,Norwich,2024-07-25
C00955,Sophia,Johnson,Corporate,London,London,2022-01-25
C00956,Grace,Patel,Consumer,Yorkshire,York,2024-01-11
C00957,Ella,Clarke,Corporate,West Midlands,Coventry,2023-07-06
C00958,Poppy,Johnson,Corporate,East of England,Peterborough,2024-10-18
C00959,Evie,Evans,Corporate,Yorkshire,Hull,2024-01-18
C00960,George,Thomas,Small Business,East of England,Cambridge,2025-03-16
C00961,Mia,Davies,Small Business,South East,Canterbury,2023-07-07
C00962,George,Williams,Corporate,South West,Bristol,2023-02-06
C00963,Ella,Williams,Small Business,East of England,Peterborough,2024-05-13
C00964,Mia,Roberts,Corporate,North East,Sunderland,2023-10-09
C00965,Olivia,Evans,Consumer,North East,Durham,2025-03-08
C00966,Harry,Patel,Corporate,East of England,Peterborough,2022-05-03
C00967,Freya,Wright,Corporate,South East,Oxford,2024-07-10
C00968,Lily,Patel,Corporate,Yorkshire,Leeds,2025-02-21
C00969,Emily,Clarke,Consumer,South West,Exeter,2022-09-06
C00970,Noah,Green,Corporate,North West,Chester,2023-12-29
C00971,Grace,Robinson,Corporate,South East,Reading,2024-02-20
C00972,Mia,Wright,Corporate,East of England,Peterborough,2025-08-04
C00973,Charlie,Taylor,Consumer,Scotland,Edinburgh,2025-03-16
C00974,Noah,Wright,Small Business,Yorkshire,York,2023-04-13
C00975,Leo,Evans,Corporate,North West,Chester,2025-05-24
C00976,Thomas,White,Corporate,Yorkshire,Sheffield,2025-04-17
C00977,George,Davies,Small Business,East of England,Norwich,2022-02-17
C00978,Amelia,Evans,Consumer,South East,Brighton,2023-03-08
C00979,Lily,Jones,Consumer,South East,Canterbury,2024-08-27
C00980,Emma,Patel,Small Business,North East,Newcastle,2022-06-20
C00981,Sophie,Evans,Corporate,South East,Reading,2025-09-03
C00982,Muhammad,Williams,Consumer,West Midlands,Wolverhampton,2023-08-05
C00983,Olivia,Thompson,Corporate,East of England,Norwich,2022-02-28
C00984,Sophie,Patel,Small Business,East Midlands,Lincoln,2025-01-12
C00985,Lily,Wilson,Small Business,East of England,Peterborough,2025-11-29
C00986,Freya,Thomas,Corporate,East Midlands,Derby,2025-07-16
C00987,Lily,Davies,Consumer,Yorkshire,Hull,2024-09-13
C00988,Poppy,Patel,Consumer,North West,Preston,2024-01-20
C00989,Thomas,Williams,Corporate,London,London,2022-01-01
C00990,James,Roberts,Corporate,East Midlands,Derby,2024-12-31
C00991,Mia,Robinson,Small Business,London,London,2024-05-31
C00992,Emily,Johnson,Corporate,London,London,2025-01-27
C00993,Amelia,Evans,Corporate,South West,Exeter,2023-05-27
C00994,Poppy,Davies,Small Business,North West,Preston,2022-06-12
C00995,Freya,Hall,Corporate,North West,Chester,2025-08-21
C00996,Amelia,Williams,Corporate,West Midlands,Birmingham,2022-05-21
C00997,Muhammad,Patel,Small Business,East Midlands,Lincoln,2025-06-19
C00998,James,Williams,Consumer,West Midlands,Wolverhampton,2023-10-19
C00999,Emma,Robinson,Corporate,London,London,2023-01-16
C01000,Ava,Taylor,Consumer,East Midlands,Leicester,2022-01-17
C01001,Noah,Walker,Corporate,East Midlands,Lincoln,2023-03-21
C01002,Henry,Jones,Corporate,Yorkshire,Leeds,2024-08-07
C01003,Jack,Evans,Consumer,East of England,Peterborough,2022-04-25
C01004,Harry,Patel,Corporate,East Midlands,Leicester,2023-01-07
C01005,Charlie,White,Consumer,South East,Brighton,2023-05-25
C01006,Freya,Brown,Small Business,West Midlands,Wolverhampton,2024-08-01
C01007,Charlie,Robinson,Corporate,West Midlands,Birmingham,2024-08-26
C01008,Thomas,Brown,Corporate,London,London,2025-01-30
C01009,Emily,Jones,Small Business,North West,Liverpool,2023-02-11
C01010,Leo,Walker,Corporate,South East,Brighton,2023-04-29
C01011,Oscar,Brown,Corporate,East of England,Cambridge,2023-07-20
C01012,Oscar,Roberts,Small Business,London,London,2022-03-28
C01013,Ava,Wilson,Corporate,Yorkshire,Leeds,2022-07-03
C01014,Sophie,Jones,Consumer,Scotland,Aberdeen,2023-11-25
C01015,Lily,Brown,Consumer,East of England,Norwich,2025-12-07
C01016,Lily,Thompson,Corporate,West Midlands,Wolverhampton,2023-10-11
C01017,Henry,Evans,Corporate,West Midlands,Wolverhampton,2022-02-13
C01018,Theo,Jones,Corporate,East of England,Peterborough,2023-05-29
C01019,Isla,Hall,Small Business,East Midlands,Lincoln,2025-02-18
C01020,Amelia,Hall,Corporate,West Midlands,Coventry,2025-03-06
C01021,Evie,Clarke,Small Business,East Midlands,Nottingham,2023-07-18
C01022,George,White,Corporate,South East,Oxford,2024-12-23
C01023,Muhammad,Smith,Small Business,North East,Durham,2024-01-22
C01024,Theo,Smith,Small Business,South West,Plymouth,2023-01-15
C01025,Noah,Taylor,Small Business,Scotland,Dundee,2023-05-05
C01026,Sophia,Roberts,Small Business,West Midlands,Birmingham,2024-12-09
C01027,Noah,Walker,Small Business,Scotland,Aberdeen,2023-08-03
C01028,Thomas,Taylor,Consumer,South East,Reading,2022-07-17
C01029,Harry,Brown,Corporate,East of England,Cambridge,2022-03-06
C01030,Oscar,Evans,Small Business,South East,Canterbury,2022-03-07
C01031,Henry,Thomas,Corporate,North East,Newcastle,2025-07-01
C01032,Grace,Taylor,Consumer,Yorkshire,Sheffield,2023-03-29
C01033,Muhammad,Jones,Corporate,East Midlands,Lincoln,2022-06-13
C01034,Olivia,Clarke,Corporate,Yorkshire,Leeds,2025-12-21
C01035,William,Johnson,Small Business,South East,Brighton,2023-09-15
C01036,Lily,Evans,Consumer,South East,Reading,2023-04-19
C01037,Ava,Thomas,Small Business,North East,Newcastle,2025-09-07
C01038,Poppy,Brown,Small Business,North East,Durham,2025-02-17
C01039,Muhammad,Walker,Consumer,Yorkshire,Sheffield,2025-10-13
C01040,Charlie,Green,Corporate,East of England,Peterborough,2025-01-31
C01041,Grace,White,Corporate,East of England,Norwich,2024-12-29
C01042,Evie,Thompson,Corporate,North East,Durham,2023-10-27
C01043,Grace,Davies,Small Business,South West,Exeter,2023-10-25
C01044,Sophie,Patel,Corporate,South West,Bath,2025-01-31
C01045,James,Jones,Corporate,East Midlands,Leicester,2024-03-24
C01046,Theo,Robinson,Consumer,North East,Sunderland,2022-10-04
C01047,Evie,Wright,Consumer,West Midlands,Wolverhampton,2023-03-16
C01048,Thomas,Hall,Small Business,North West,Liverpool,2025-02-07
C01049,Muhammad,Thompson,Consumer,South East,Reading,2022-03-19
C01050,Theo,Thomas,Consumer,North West,Liverpool,2024-01-22
C01051,William,Thomas,Corporate,North West,Liverpool,2023-09-08
C01052,Mia,Roberts,Consumer,South East,Canterbury,2023-10-27
C01053,Grace,Robinson,Consumer,Scotland,Dundee,2022-07-15
C01054,Sophie,Wright,Corporate,South East,Canterbury,2022-04-25
C01055,Evie,Davies,Small Business,South West,Bristol,2022-09-04
C01056,Isla,Green,Consumer,South West,Plymouth,2022-04-21
C01057,George,Wright,Small Business,North East,Durham,2025-03-02
C01058,Olivia,Evans,Corporate,West Midlands,Wolverhampton,2022-11-10
C01059,William,Davies,Corporate,Scotland,Aberdeen,2024-10-30
C01060,George,Wright,Consumer,South West,Bath,2022-10-31
C01061,Lily,Evans,Corporate,Scotland,Glasgow,2022-04-11
C01062,Poppy,Williams,Consumer,South West,Bath,2024-10-24
C01063,Ella,Evans,Small Business,North East,Durham,2023-02-10
C01064,Grace,Green,Consumer,West Midlands,Birmingham,2025-02-23
C01065,Arthur,Walker,Corporate,South East,Brighton,2023-06-30
C01066,Poppy,Walker,Corporate,South East,Oxford,2025-10-07
C01067,Emily,Clarke,Small Business,West Midlands,Birmingham,2023-10-19
C01068,Emily,Clarke,Corporate,North West,Liverpool,2022-12-13
C01069,Sophie,Davies,Consumer,East Midlands,Derby,2022-04-02
C01070,Emma,Jones,Consumer,East of England,Peterborough,2022-06-25
C01071,James,Wright,Small Business,East of England,Cambridge,2023-08-13
C01072,Ella,Smith,Corporate,North West,Liverpool,2024-07-10
C01073,Harry,Hall,Small Business,North East,Sunderland,2023-03-10
C01074,Grace,Williams,Small Business,North East,Durham,2024-09-16
C01075,Oscar,Green,Consumer,London,London,2024-02-11
C01076,Isla,Johnson,Small Business,East of England,Peterborough,2022-05-04
C01077,Muhammad,Smith,Consumer,North West,Chester,2022-04-19
C01078,Evie,Thompson,Consumer,North West,Manchester,2025-09-19
C01079,Charlie,Davies,Corporate,North West,Manchester,2025-08-22
C01080,Evie,Clarke,Small Business,Yorkshire,Leeds,2024-09-19
C01081,Thomas,White,Small Business,East of England,Peterborough,2023-02-12
C01082,Ava,Green,Corporate,London,London,2022-03-23
C01083,Freya,Wilson,Consumer,East Midlands,Derby,2024-03-16
C01084,Leo,Robinson,Consumer,Yorkshire,York,2023-12-29
C01085,Jack,Evans,Consumer,London,London,2025-07-05
C01086,Noah,Evans,Small Business,West Midlands,Birmingham,2022-11-07
C01087,Thomas,Clarke,Small Business,South East,Reading,2024-02-22
C01088,Oscar,Williams,Corporate,South West,Plymouth,2023-05-08
C01089,Muhammad,Hall,Consumer,Scotland,Edinburgh,2023-11-06
C01090,Lily,Johnson,Consumer,East of England,Norwich,2025-04-04
C01091,Poppy,Williams,Small Business,North East,Durham,2022-10-04
C01092,William,Hall,Small Business,East of England,Peterborough,2023-10-13
C01093,Noah,Williams,Small Business,South East,Brighton,2023-01-13
C01094,Poppy,Robinson,Corporate,Yorkshire,York,2024-04-27
C01095,Emma,Williams,Consumer,East of England,Cambridge,2023-01-20
C01096,Jack,Clarke,Small Business,Scotland,Edinburgh,2025-06-17
C01097,Ava,Smith,Corporate,Scotland,Glasgow,2023-04-21
C01098,Thomas,Clarke,Corporate,East Midlands,Derby,2022-10-02
C01099,Ella,Roberts,Consumer,East of England,Cambridge,2024-03-04
C01100,Olivia,Walker,Consumer,West Midlands,Coventry,2023-04-09
C01101,Freya,Johnson,Consumer,South West,Bristol,2023-04-01
C01102,Evie,Clarke,Corporate,East of England,Peterborough,2024-06-18
C01103,Theo,Davies,Corporate,Yorkshire,Hull,2024-07-26
C01104,Freya,Evans,Small Business,London,London,2025-05-30
C01105,Freya,Thomas,Small Business,South West,Bristol,2025-06-06
C01106,Muhammad,White,Consumer,North East,Newcastle,2022-08-12
C01107,Charlie,Jones,Small Business,North East,Sunderland,2025-01-06
C01108,Olivia,Johnson,Corporate,North East,Sunderland,2025-07-15
C01109,Arthur,Robinson,Corporate,South West,Exeter,2023-09-16
C01110,Grace,Jones,Small Business,South West,Exeter,2023-08-26
C01111,Muhammad,Taylor,Small Business,East Midlands,Leicester,2025-08-16
C01112,Theo,Hall,Consumer,East of England,Norwich,2025-04-13
C01113,Muhammad,Smith,Consumer,South West,Bath,2023-10-25
C01114,Theo,Johnson,Corporate,Scotland,Glasgow,2025-12-30
C01115,Henry,Wilson,Small Business,North West,Manchester,2023-10-26
C01116,Henry,White,Small Business,South East,Oxford,2022-08-22
C01117,Henry,Evans,Small Business,South East,Reading,2024-12-08
C01118,Charlie,Jones,Consumer,South West,Plymouth,2025-02-01
C01119,Evie,Williams,Consumer,Scotland,Edinburgh,2025-09-12
C01120,Olivia,Walker,Corporate,East of England,Norwich,2025-12-29
C01121,Leo,Wilson,Consumer,East Midlands,Nottingham,2023-08-15
C01122,Grace,Patel,Consumer,West Midlands,Coventry,2022-01-08
C01123,Lily,Smith,Small Business,East Midlands,Lincoln,2024-10-18
C01124,Oscar,Roberts,Corporate,West Midlands,Coventry,2023-03-21
C01125,Grace,Clarke,Consumer,East Midlands,Nottingham,2022-06-12
C01126,Grace,Hall,Consumer,North East,Newcastle,2023-07-24
C01127,Olivia,Thompson,Consumer,East of England,Cambridge,2022-10-31
C01128,Oscar,Clarke,Corporate,London,London,2025-09-28
C01129,Emma,Walker,Consumer,South East,Reading,2022-04-11
C01130,Sophia,Clarke,Small Business,North West,Liverpool,2025-06-05
C01131,Emily,Jones,Consumer,East Midlands,Derby,2025-03-31
C01132,Theo,Evans,Consumer,Yorkshire,Hull,2024-01-25
C01133,Isla,Roberts,Consumer,North East,Newcastle,2022-05-13
C01134,Thomas,Walker,Small Business,North West,Liverpool,2023-11-06
C01135,Olivia,Brown,Small Business,West Midlands,Wolverhampton,2025-06-07
C01136,Ella,Clarke,Small Business,North East,Sunderland,2022-06-29
C01137,Evie,Wright,Corporate,South West,Plymouth,2025-05-31
C01138,Oscar,Roberts,Small Business,East of England,Peterborough,2025-06-12
C01139,Mia,Wilson,Small Business,East Midlands,Nottingham,2024-10-05
C01140,James,Brown,Consumer,North West,Chester,2023-02-01
C01141,Mia,Clarke,Corporate,South East,Canterbury,2023-03-01
C01142,Emily,Hall,Small Business,London,London,2023-11-15
C01143,Harry,Robinson,Corporate,London,London,2025-08-04
C01144,Thomas,Hall,Corporate,North West,Manchester,2023-09-07
C01145,Noah,Wright,Corporate,South East,Brighton,2025-11-05
C01146,Noah,Wright,Small Business,East of England,Norwich,2023-02-02
C01147,Leo,Williams,Corporate,East Midlands,Nottingham,2022-03-14
C01148,Theo,Wright,Corporate,East Midlands,Lincoln,2025-01-04
C01149,Isla,Thomas,Small Business,London,London,2024-12-03
C01150,James,Johnson,Small Business,North East,Durham,2025-01-02
C01151,William,Williams,Corporate,Yorkshire,Leeds,2023-12-26
C01152,Leo,Hall,Consumer,Yorkshire,Hull,2024-02-08
C01153,Emma,Robinson,Small Business,East of England,Norwich,2025-05-03
C01154,Poppy,Taylor,Corporate,London,London,2023-07-11
C01155,Alfie,Robinson,Consumer,Yorkshire,York,2024-07-14
C01156,Emily,Jones,Consumer,East of England,Cambridge,2022-08-18
C01157,James,Roberts,Small Business,East Midlands,Nottingham,2024-11-02
C01158,Sophie,Roberts,Small Business,West Midlands,Wolverhampton,2023-11-28
C01159,George,Brown,Small Business,North West,Liverpool,2023-11-02
C01160,Muhammad,Evans,Small Business,West Midlands,Wolverhampton,2022-03-16
C01161,Isla,Jones,Small Business,South East,Brighton,2022-01-09
C01162,Theo,Jones,Consumer,Yorkshire,York,2024-08-14
C01163,Arthur,Robinson,Small Business,London,London,2025-03-28
C01164,Harry,Robinson,Corporate,Yorkshire,York,2023-02-15
C01165,Emma,Patel,Consumer,East Midlands,Nottingham,2025-10-06
C01166,James,Clarke,Small Business,North West,Manchester,2022-08-23
C01167,Emily,Hall,Corporate,West Midlands,Coventry,2025-01-16
C01168,Mia,Robinson,Small Business,East of England,Cambridge,2025-12-13
C01169,Isla,Clarke,Corporate,East of England,Peterborough,2022-05-26
C01170,George,Smith,Corporate,East Midlands,Leicester,2022-04-14
C01171,Olivia,Taylor,Corporate,South East,Canterbury,2024-02-25
C01172,Grace,Thomas,Small Business,East of England,Peterborough,2025-12-14
C01173,Emily,Robinson,Corporate,East Midlands,Nottingham,2025-06-16
C01174,Sophie,White,Small Business,North East,Newcastle,2022-06-10
C01175,Muhammad,Brown,Corporate,South East,Oxford,2025-12-01
C01176,Ava,Davies,Consumer,East Midlands,Derby,2024-08-21
C01177,Amelia,Wright,Corporate,Yorkshire,Hull,2024-03-13
C01178,William,Roberts,Consumer,East Midlands,Derby,2022-03-03
C01179,Evie,Wilson,Corporate,East Midlands,Derby,2024-08-02
C01180,George,Green,Consumer,Scotland,Dundee,2025-03-22
C01181,Lily,Taylor,Corporate,South East,Canterbury,2023-10-30
C01182,Poppy,Davies,Small Business,South West,Exeter,2025-04-24
C01183,Ella,Evans,Consumer,North East,Sunderland,2022-11-22
C01184,Oscar,Walker,Corporate,West Midlands,Wolverhampton,2025-11-22
C01185,Henry,Davies,Consumer,Yorkshire,Leeds,2025-01-20
C01186,Emma,Thomas,Small Business,Scotland,Dundee,2024-09-23
C01187,Emma,White,Consumer,Yorkshire,York,2025-02-10
C01188,Grace,Brown,Small Business,South West,Bath,2022-05-23
C01189,Leo,Jones,Consumer,Yorkshire,Sheffield,2024-10-09
C01190,Theo,Smith,Consumer,East of England,Peterborough,2025-04-04
C01191,Lily,Robinson,Corporate,East of England,Peterborough,2024-07-16
C01192,Harry,Johnson,Small Business,Scotland,Aberdeen,2024-07-04
C01193,Mia,Robinson,Corporate,North West,Preston,2025-03-13
C01194,James,Clarke,Small Business,South East,Canterbury,2025-04-08
C01195,Olivia,Thompson,Small Business,East of England,Cambridge,2023-08-26
C01196,Lily,Thompson,Consumer,London,London,2025-12-11
C01197,Poppy,Thomas,Corporate,London,London,2023-04-27
C01198,Charlie,Walker,Small Business,South West,Exeter,2024-04-11
C01199,George,Johnson,Small Business,East of England,Norwich,2024-08-30
C01200,George,Robinson,Small Business,Yorkshire,Sheffield,2024-05-04
